name,timeNonPolarizedSync,processCountNonPolarizedSync,timeNormalAsync,processCountNormalAsync,timeNormalSync,processCountNormalSync
nat-double-parallel-2.grits,1848,153,2137,153,1628,153
nat-double-parallel-2.grits,1947,153,1980,153,1747,153
nat-double-parallel-2.grits,1755,153,1916,153,2185,153
nat-double-parallel-2.grits,1574,153,1717,153,2084,153
nat-double-parallel-2.grits,2495,153,2658,153,2292,153
nat-double-parallel-2.grits,2245,153,2585,153,2181,153
nat-double-parallel-2.grits,2215,153,2284,153,2284,153
nat-double-parallel-2.grits,2426,153,2351,153,1904,153
nat-double-parallel-2.grits,1456,153,2226,153,2423,153
nat-double-parallel-2.grits,1508,153,2736,153,2443,153
nat-double-parallel-2.grits,1477,153,4583,153,1612,153
nat-double-parallel-2.grits,2671,153,1787,153,5305,153
nat-double-parallel-2.grits,1819,153,5970,153,2362,153
nat-double-parallel-2.grits,3193,153,1390,153,2399,153
nat-double-parallel-2.grits,1566,153,1606,153,1360,153
nat-double-parallel-2.grits,1516,153,2846,153,1227,153
nat-double-parallel-2.grits,1437,153,2524,153,1428,153
nat-double-parallel-2.grits,1268,153,2499,153,1503,153
nat-double-parallel-2.grits,685,153,3052,153,1345,153
nat-double-parallel-2.grits,1388,153,3006,153,1715,153
nat-double-parallel-2.grits,3366,153,2998,153,4136,153
nat-double-parallel-2.grits,3319,153,1572,153,1331,153
nat-double-parallel-2.grits,2918,153,1461,153,2505,153
nat-double-parallel-2.grits,2003,153,6596,153,1653,153
nat-double-parallel-2.grits,1648,153,1503,153,1334,153
nat-double-parallel-4.grits,3128,303,3914,303,4512,303
nat-double-parallel-4.grits,2745,303,5054,303,2750,303
nat-double-parallel-4.grits,2986,303,4390,303,2659,303
nat-double-parallel-4.grits,2396,303,4845,303,2056,303
nat-double-parallel-4.grits,2794,303,3788,303,11169,303
nat-double-parallel-4.grits,6115,303,2830,303,5854,303
nat-double-parallel-4.grits,9674,303,3452,303,4980,303
nat-double-parallel-4.grits,3649,303,3538,303,2776,303
nat-double-parallel-4.grits,3399,303,2735,303,6590,303
nat-double-parallel-4.grits,3015,303,2682,303,2616,303
nat-double-parallel-4.grits,3119,303,5638,303,2559,303
nat-double-parallel-4.grits,2653,303,2736,303,2594,303
nat-double-parallel-4.grits,13245,303,2779,303,2895,303
nat-double-parallel-4.grits,2645,303,2693,303,2598,303
nat-double-parallel-4.grits,7403,303,3238,303,2365,303
nat-double-parallel-4.grits,2663,303,2834,303,3352,303
nat-double-parallel-4.grits,3549,303,3630,303,2383,303
nat-double-parallel-4.grits,2698,303,2766,303,2764,303
nat-double-parallel-4.grits,7981,303,2805,303,2662,303
nat-double-parallel-4.grits,2859,303,2789,303,4362,303
nat-double-parallel-4.grits,4655,303,3082,303,2721,303
nat-double-parallel-4.grits,2737,303,2843,303,2516,303
nat-double-parallel-4.grits,2650,303,5058,303,7317,303
nat-double-parallel-4.grits,9277,303,3502,303,5695,303
nat-double-parallel-4.grits,3675,303,6744,303,2530,303
nat-double-parallel-6.grits,4434,453,10107,453,3687,453
nat-double-parallel-6.grits,3865,453,4103,453,3634,453
nat-double-parallel-6.grits,9907,453,8171,453,6381,453
nat-double-parallel-6.grits,4005,453,9302,453,3878,453
nat-double-parallel-6.grits,9495,453,3705,453,3701,453
nat-double-parallel-6.grits,3716,453,4044,453,3829,453
nat-double-parallel-6.grits,5549,453,8783,453,5411,453
nat-double-parallel-6.grits,6744,453,3580,453,8388,453
nat-double-parallel-6.grits,5462,453,16814,453,3901,453
nat-double-parallel-6.grits,3914,453,4077,453,4305,453
nat-double-parallel-6.grits,3791,453,3984,453,4702,453
nat-double-parallel-6.grits,13686,453,4749,453,5414,453
nat-double-parallel-6.grits,4003,453,3377,453,3863,453
nat-double-parallel-6.grits,3912,453,3448,453,4675,453
nat-double-parallel-6.grits,5724,453,4242,453,4848,453
nat-double-parallel-6.grits,3763,453,3885,453,3488,453
nat-double-parallel-6.grits,4483,453,13989,453,3792,453
nat-double-parallel-6.grits,3927,453,3900,453,4411,453
nat-double-parallel-6.grits,5036,453,4023,453,3759,453
nat-double-parallel-6.grits,4035,453,6769,453,4185,453
nat-double-parallel-6.grits,2907,453,3980,453,3806,453
nat-double-parallel-6.grits,3568,453,8124,453,4481,453
nat-double-parallel-6.grits,3683,453,4032,453,9489,453
nat-double-parallel-6.grits,3761,453,3508,453,3724,453
nat-double-parallel-6.grits,8994,453,8893,453,4268,453
nat-double-parallel-8.grits,13145,603,10606,603,8858,603
nat-double-parallel-8.grits,22777,603,5561,603,4781,603
nat-double-parallel-8.grits,5283,603,5166,603,5208,603
nat-double-parallel-8.grits,5332,603,5200,603,4965,603
nat-double-parallel-8.grits,11806,603,5261,603,7400,603
nat-double-parallel-8.grits,4889,603,4829,603,4721,603
nat-double-parallel-8.grits,5207,603,5364,603,6206,603
nat-double-parallel-8.grits,7804,603,5926,603,4801,603
nat-double-parallel-8.grits,4786,603,4824,603,3786,603
nat-double-parallel-8.grits,6029,603,11524,603,6219,603
nat-double-parallel-8.grits,10334,603,16955,603,8456,603
nat-double-parallel-8.grits,10400,603,5264,603,6077,603
nat-double-parallel-8.grits,9396,603,5591,603,6890,603
nat-double-parallel-8.grits,11133,603,6574,603,33957,603
nat-double-parallel-8.grits,8183,603,5696,603,7196,603
nat-double-parallel-8.grits,11652,603,5722,603,6026,603
nat-double-parallel-8.grits,10431,603,4832,603,7104,603
nat-double-parallel-8.grits,18683,603,5180,603,7381,603
nat-double-parallel-8.grits,8718,603,5509,603,6153,603
nat-double-parallel-8.grits,8924,603,5714,603,9290,603
nat-double-parallel-8.grits,7895,603,5161,603,9559,603
nat-double-parallel-8.grits,9330,603,11104,603,6540,603
nat-double-parallel-8.grits,8859,603,5997,603,5739,603
nat-double-parallel-8.grits,6905,603,5087,603,10990,603
nat-double-parallel-8.grits,10465,603,5797,603,21165,603
nat-double-parallel-10.grits,16276,753,9414,753,10828,753
nat-double-parallel-10.grits,14803,753,6578,753,7185,753
nat-double-parallel-10.grits,13203,753,7088,753,10013,753
nat-double-parallel-10.grits,24021,753,14642,753,12206,753
nat-double-parallel-10.grits,13211,753,7302,753,10797,753
nat-double-parallel-10.grits,10430,753,6429,753,11702,753
nat-double-parallel-10.grits,10094,753,6673,753,11205,753
nat-double-parallel-10.grits,12437,753,7453,753,11374,753
nat-double-parallel-10.grits,15974,753,9413,753,9807,753
nat-double-parallel-10.grits,13444,753,10753,753,9007,753
nat-double-parallel-10.grits,12820,753,11408,753,8736,753
nat-double-parallel-10.grits,12888,753,8535,753,10087,753
nat-double-parallel-10.grits,14030,753,9976,753,8682,753
nat-double-parallel-10.grits,15336,753,5835,753,8540,753
nat-double-parallel-10.grits,16277,753,17928,753,11188,753
nat-double-parallel-10.grits,14068,753,9653,753,9430,753
nat-double-parallel-10.grits,13899,753,6870,753,11580,753
nat-double-parallel-10.grits,13091,753,7745,753,10247,753
nat-double-parallel-10.grits,14486,753,6720,753,16249,753
nat-double-parallel-10.grits,14943,753,11452,753,9515,753
nat-double-parallel-10.grits,13803,753,7395,753,8964,753
nat-double-parallel-10.grits,13969,753,7390,753,8778,753
nat-double-parallel-10.grits,12406,753,8330,753,11570,753
nat-double-parallel-10.grits,13875,753,13839,753,13898,753
nat-double-parallel-10.grits,13120,753,7940,753,9036,753
nat-double-parallel-12.grits,20364,903,14930,903,12789,903
nat-double-parallel-12.grits,17745,903,16903,903,14118,903
nat-double-parallel-12.grits,9052,903,15445,903,13149,903
nat-double-parallel-12.grits,28109,903,13897,903,13979,903
nat-double-parallel-12.grits,17616,903,14418,903,16037,903
nat-double-parallel-12.grits,17563,903,13404,903,13361,903
nat-double-parallel-12.grits,17086,903,11696,903,12410,903
nat-double-parallel-12.grits,18252,903,12537,903,30790,903
nat-double-parallel-12.grits,17183,903,13649,903,14361,903
nat-double-parallel-12.grits,18570,903,17855,903,15913,903
nat-double-parallel-12.grits,16279,903,10291,903,13369,903
nat-double-parallel-12.grits,17759,903,8913,903,15915,903
nat-double-parallel-12.grits,18754,903,20130,903,17004,903
nat-double-parallel-12.grits,16052,903,12442,903,13139,903
nat-double-parallel-12.grits,16877,903,12145,903,14626,903
nat-double-parallel-12.grits,17262,903,11497,903,14158,903
nat-double-parallel-12.grits,17047,903,11014,903,14386,903
nat-double-parallel-12.grits,17884,903,15034,903,12415,903
nat-double-parallel-12.grits,17418,903,12518,903,14377,903
nat-double-parallel-12.grits,17115,903,11651,903,14046,903
nat-double-parallel-12.grits,17804,903,12947,903,12720,903
nat-double-parallel-12.grits,17685,903,13590,903,15317,903
nat-double-parallel-12.grits,18581,903,16677,903,28891,903
nat-double-parallel-12.grits,16264,903,12740,903,15518,903
nat-double-parallel-12.grits,19279,903,11756,903,13079,903
nat-double-parallel-14.grits,19252,1053,17366,1053,18985,1053
nat-double-parallel-14.grits,19955,1053,18670,1053,16497,1053
nat-double-parallel-14.grits,21869,1053,18492,1053,17621,1053
nat-double-parallel-14.grits,21308,1053,18225,1053,19849,1053
nat-double-parallel-14.grits,21305,1053,17209,1053,17124,1053
nat-double-parallel-14.grits,21143,1053,16764,1053,19621,1053
nat-double-parallel-14.grits,22777,1053,18407,1053,27297,1053
nat-double-parallel-14.grits,20765,1053,10480,1053,17902,1053
nat-double-parallel-14.grits,21554,1053,18782,1053,19311,1053
nat-double-parallel-14.grits,21142,1053,19196,1053,19897,1053
nat-double-parallel-14.grits,20421,1053,17118,1053,18001,1053
nat-double-parallel-14.grits,22701,1053,33310,1053,19085,1053
nat-double-parallel-14.grits,22103,1053,8076,1053,19515,1053
nat-double-parallel-14.grits,19285,1053,10833,1053,19658,1053
nat-double-parallel-14.grits,13024,1053,17946,1053,11147,1053
nat-double-parallel-14.grits,14174,1053,17158,1053,17553,1053
nat-double-parallel-14.grits,21270,1053,23751,1053,14694,1053
nat-double-parallel-14.grits,21437,1053,17506,1053,18966,1053
nat-double-parallel-14.grits,21938,1053,17981,1053,17658,1053
nat-double-parallel-14.grits,21571,1053,18198,1053,18062,1053
nat-double-parallel-14.grits,20212,1053,18136,1053,17659,1053
nat-double-parallel-14.grits,22426,1053,10333,1053,18350,1053
nat-double-parallel-14.grits,27806,1053,13932,1053,8797,1053
nat-double-parallel-14.grits,13058,1053,19801,1053,18024,1053
nat-double-parallel-14.grits,21268,1053,18772,1053,17212,1053
nat-double-parallel-16.grits,25195,1203,24140,1203,22571,1203
nat-double-parallel-16.grits,23279,1203,22001,1203,21260,1203
nat-double-parallel-16.grits,24349,1203,21561,1203,39404,1203
nat-double-parallel-16.grits,21275,1203,22354,1203,22960,1203
nat-double-parallel-16.grits,23663,1203,21205,1203,21242,1203
nat-double-parallel-16.grits,18229,1203,22467,1203,20755,1203
nat-double-parallel-16.grits,23445,1203,20642,1203,22457,1203
nat-double-parallel-16.grits,24980,1203,21464,1203,18130,1203
nat-double-parallel-16.grits,48631,1203,11777,1203,21622,1203
nat-double-parallel-16.grits,24699,1203,23470,1203,23676,1203
nat-double-parallel-16.grits,24220,1203,21893,1203,20874,1203
nat-double-parallel-16.grits,23327,1203,23146,1203,21947,1203
nat-double-parallel-16.grits,23588,1203,14977,1203,22314,1203
nat-double-parallel-16.grits,24432,1203,22941,1203,34274,1203
nat-double-parallel-16.grits,22153,1203,22751,1203,22463,1203
nat-double-parallel-16.grits,22446,1203,23597,1203,22324,1203
nat-double-parallel-16.grits,23657,1203,22943,1203,23136,1203
nat-double-parallel-16.grits,21943,1203,22358,1203,20283,1203
nat-double-parallel-16.grits,23992,1203,21038,1203,21586,1203
nat-double-parallel-16.grits,25317,1203,21855,1203,37704,1203
nat-double-parallel-16.grits,19120,1203,22537,1203,21649,1203
nat-double-parallel-16.grits,24022,1203,22791,1203,23392,1203
nat-double-parallel-16.grits,23439,1203,22138,1203,23154,1203
nat-double-parallel-16.grits,23984,1203,17508,1203,20822,1203
nat-double-parallel-16.grits,24548,1203,20947,1203,23294,1203
nat-double-parallel-18.grits,28925,1353,26290,1353,45863,1353
nat-double-parallel-18.grits,21082,1353,26008,1353,24164,1353
nat-double-parallel-18.grits,14601,1353,27290,1353,25869,1353
nat-double-parallel-18.grits,26417,1353,24696,1353,25452,1353
nat-double-parallel-18.grits,13488,1353,17870,1353,26047,1353
nat-double-parallel-18.grits,28300,1353,25924,1353,26989,1353
nat-double-parallel-18.grits,48228,1353,20729,1353,25513,1353
nat-double-parallel-18.grits,26062,1353,26565,1353,27410,1353
nat-double-parallel-18.grits,28316,1353,26044,1353,24527,1353
nat-double-parallel-18.grits,27194,1353,14195,1353,25369,1353
nat-double-parallel-18.grits,26290,1353,25873,1353,23965,1353
nat-double-parallel-18.grits,23490,1353,25014,1353,40871,1353
nat-double-parallel-18.grits,14857,1353,26791,1353,25434,1353
nat-double-parallel-18.grits,27238,1353,27716,1353,20791,1353
nat-double-parallel-18.grits,28014,1353,26674,1353,25623,1353
nat-double-parallel-18.grits,27388,1353,15100,1353,24453,1353
nat-double-parallel-18.grits,26135,1353,25119,1353,14523,1353
nat-double-parallel-18.grits,27103,1353,25991,1353,38033,1353
nat-double-parallel-18.grits,17062,1353,26321,1353,22718,1353
nat-double-parallel-18.grits,27594,1353,26287,1353,26090,1353
nat-double-parallel-18.grits,27178,1353,26826,1353,25474,1353
nat-double-parallel-18.grits,25444,1353,25309,1353,26452,1353
nat-double-parallel-18.grits,26339,1353,26645,1353,25472,1353
nat-double-parallel-18.grits,24373,1353,26492,1353,24734,1353
nat-double-parallel-18.grits,48414,1353,18800,1353,24801,1353
nat-double-parallel-20.grits,28026,1503,31635,1503,30094,1503
nat-double-parallel-20.grits,31066,1503,31310,1503,30551,1503
nat-double-parallel-20.grits,30263,1503,29510,1503,29501,1503
nat-double-parallel-20.grits,23687,1503,31329,1503,28497,1503
nat-double-parallel-20.grits,30147,1503,31650,1503,56519,1503
nat-double-parallel-20.grits,18838,1503,30684,1503,29298,1503
nat-double-parallel-20.grits,17868,1503,30902,1503,29546,1503
nat-double-parallel-20.grits,30635,1503,30968,1503,29102,1503
nat-double-parallel-20.grits,16901,1503,31048,1503,24167,1503
nat-double-parallel-20.grits,29216,1503,30350,1503,29161,1503
nat-double-parallel-20.grits,29362,1503,36930,1503,14703,1503
nat-double-parallel-20.grits,30404,1503,31084,1503,25972,1503
nat-double-parallel-20.grits,31412,1503,28711,1503,28293,1503
nat-double-parallel-20.grits,29937,1503,18537,1503,29562,1503
nat-double-parallel-20.grits,28731,1503,30640,1503,28055,1503
nat-double-parallel-20.grits,30043,1503,30027,1503,30403,1503
nat-double-parallel-20.grits,31031,1503,48145,1503,16897,1503
nat-double-parallel-20.grits,30445,1503,27371,1503,29385,1503
nat-double-parallel-20.grits,38504,1503,27102,1503,29489,1503
nat-double-parallel-20.grits,28566,1503,29046,1503,28655,1503
nat-double-parallel-20.grits,31019,1503,30609,1503,28634,1503
nat-double-parallel-20.grits,30707,1503,31007,1503,29263,1503
nat-double-parallel-20.grits,30952,1503,28351,1503,44577,1503
nat-double-parallel-20.grits,16396,1503,30035,1503,28800,1503
nat-double-parallel-20.grits,29536,1503,30819,1503,29343,1503
nat-double-parallel-22.grits,24549,1653,32307,1653,31989,1653
nat-double-parallel-22.grits,32322,1653,33661,1653,32015,1653
nat-double-parallel-22.grits,32555,1653,32399,1653,17966,1653
nat-double-parallel-22.grits,32252,1653,38434,1653,15275,1653
nat-double-parallel-22.grits,32330,1653,33904,1653,32495,1653
nat-double-parallel-22.grits,31659,1653,34049,1653,33683,1653
nat-double-parallel-22.grits,32494,1653,35058,1653,32147,1653
nat-double-parallel-22.grits,32828,1653,32055,1653,32036,1653
nat-double-parallel-22.grits,28363,1653,33932,1653,34876,1653
nat-double-parallel-22.grits,55685,1653,18864,1653,15532,1653
nat-double-parallel-22.grits,33009,1653,34878,1653,34527,1653
nat-double-parallel-22.grits,33746,1653,35131,1653,33420,1653
nat-double-parallel-22.grits,31934,1653,33854,1653,31338,1653
nat-double-parallel-22.grits,29068,1653,34126,1653,31870,1653
nat-double-parallel-22.grits,31983,1653,16426,1653,14664,1653
nat-double-parallel-22.grits,32026,1653,17374,1653,32458,1653
nat-double-parallel-22.grits,32360,1653,36713,1653,33689,1653
nat-double-parallel-22.grits,26470,1653,34713,1653,32379,1653
nat-double-parallel-22.grits,27424,1653,34264,1653,19456,1653
nat-double-parallel-22.grits,32863,1653,30252,1653,26299,1653
nat-double-parallel-22.grits,17301,1653,35024,1653,33271,1653
nat-double-parallel-22.grits,21154,1653,15979,1653,16855,1653
nat-double-parallel-22.grits,27012,1653,32974,1653,33528,1653
nat-double-parallel-22.grits,30484,1653,33572,1653,31734,1653
nat-double-parallel-22.grits,18271,1653,35199,1653,32589,1653
nat-double-parallel-24.grits,32667,1803,36029,1803,31608,1803
nat-double-parallel-24.grits,31816,1803,36916,1803,36896,1803
nat-double-parallel-24.grits,50411,1803,18186,1803,33918,1803
nat-double-parallel-24.grits,32706,1803,36630,1803,18693,1803
nat-double-parallel-24.grits,25745,1803,38568,1803,35900,1803
nat-double-parallel-24.grits,34025,1803,36307,1803,33530,1803
nat-double-parallel-24.grits,29680,1803,37020,1803,34835,1803
nat-double-parallel-24.grits,32754,1803,38174,1803,45458,1803
nat-double-parallel-24.grits,16483,1803,37239,1803,24990,1803
nat-double-parallel-24.grits,33611,1803,33622,1803,34874,1803
nat-double-parallel-24.grits,34924,1803,37260,1803,36457,1803
nat-double-parallel-24.grits,33198,1803,37096,1803,34421,1803
nat-double-parallel-24.grits,34655,1803,36802,1803,36867,1803
nat-double-parallel-24.grits,31706,1803,38326,1803,56992,1803
nat-double-parallel-24.grits,19080,1803,37863,1803,36433,1803
nat-double-parallel-24.grits,34773,1803,37337,1803,25611,1803
nat-double-parallel-24.grits,31867,1803,33090,1803,35684,1803
nat-double-parallel-24.grits,35175,1803,37022,1803,35752,1803
nat-double-parallel-24.grits,34117,1803,35875,1803,34644,1803
nat-double-parallel-24.grits,34743,1803,36488,1803,38379,1803
nat-double-parallel-24.grits,67677,1803,19658,1803,33693,1803
nat-double-parallel-24.grits,34810,1803,37562,1803,36404,1803
nat-double-parallel-24.grits,37419,1803,37226,1803,35657,1803
nat-double-parallel-24.grits,32067,1803,27765,1803,35265,1803
nat-double-parallel-24.grits,30925,1803,27423,1803,34912,1803
nat-double-parallel-26.grits,38864,1953,51875,1953,33629,1953
nat-double-parallel-26.grits,39158,1953,41050,1953,43603,1953
nat-double-parallel-26.grits,36023,1953,42572,1953,31571,1953
nat-double-parallel-26.grits,39718,1953,41271,1953,41730,1953
nat-double-parallel-26.grits,30880,1953,37271,1953,40595,1953
nat-double-parallel-26.grits,42944,1953,42448,1953,27152,1953
nat-double-parallel-26.grits,33700,1953,36823,1953,40811,1953
nat-double-parallel-26.grits,24911,1953,39655,1953,41630,1953
nat-double-parallel-26.grits,28543,1953,32796,1953,28629,1953
nat-double-parallel-26.grits,33350,1953,34323,1953,39242,1953
nat-double-parallel-26.grits,42717,1953,41638,1953,45183,1953
nat-double-parallel-26.grits,41722,1953,40440,1953,39460,1953
nat-double-parallel-26.grits,41694,1953,48598,1953,20804,1953
nat-double-parallel-26.grits,40251,1953,41694,1953,40525,1953
nat-double-parallel-26.grits,39996,1953,40017,1953,40046,1953
nat-double-parallel-26.grits,33768,1953,41859,1953,38730,1953
nat-double-parallel-26.grits,40185,1953,39882,1953,37478,1953
nat-double-parallel-26.grits,36430,1953,44101,1953,38477,1953
nat-double-parallel-26.grits,44606,1953,39986,1953,40643,1953
nat-double-parallel-26.grits,34906,1953,40754,1953,25692,1953
nat-double-parallel-26.grits,47766,1953,39174,1953,44407,1953
nat-double-parallel-26.grits,36697,1953,44694,1953,36673,1953
nat-double-parallel-26.grits,46616,1953,40710,1953,37996,1953
nat-double-parallel-26.grits,46001,1953,40373,1953,38112,1953
nat-double-parallel-26.grits,44439,1953,39959,1953,36262,1953
nat-double-parallel-28.grits,46811,2103,43373,2103,42432,2103
nat-double-parallel-28.grits,36574,2103,23041,2103,32614,2103
nat-double-parallel-28.grits,37198,2103,40710,2103,41557,2103
nat-double-parallel-28.grits,43394,2103,42937,2103,38787,2103
nat-double-parallel-28.grits,54251,2103,43475,2103,44314,2103
nat-double-parallel-28.grits,50697,2103,44804,2103,39564,2103
nat-double-parallel-28.grits,51146,2103,42596,2103,41076,2103
nat-double-parallel-28.grits,56884,2103,42446,2103,41022,2103
nat-double-parallel-28.grits,54676,2103,41467,2103,39631,2103
nat-double-parallel-28.grits,51610,2103,42666,2103,40688,2103
nat-double-parallel-28.grits,44610,2103,21918,2103,42051,2103
nat-double-parallel-28.grits,44300,2103,38688,2103,43441,2103
nat-double-parallel-28.grits,36587,2103,55100,2103,40942,2103
nat-double-parallel-28.grits,36123,2103,40418,2103,51468,2103
nat-double-parallel-28.grits,30274,2103,42414,2103,41443,2103
nat-double-parallel-28.grits,41487,2103,42314,2103,39371,2103
nat-double-parallel-28.grits,37340,2103,44958,2103,39389,2103
nat-double-parallel-28.grits,38582,2103,43231,2103,45227,2103
nat-double-parallel-28.grits,37199,2103,45034,2103,39190,2103
nat-double-parallel-28.grits,49956,2103,40573,2103,41077,2103
nat-double-parallel-28.grits,30160,2103,48774,2103,37504,2103
nat-double-parallel-28.grits,37840,2103,42480,2103,34522,2103
nat-double-parallel-28.grits,33406,2103,40945,2103,41886,2103
nat-double-parallel-28.grits,52465,2103,26624,2103,38397,2103
nat-double-parallel-28.grits,36187,2103,42481,2103,66000,2103
nat-double-parallel-30.grits,35316,2253,45130,2253,39614,2253
nat-double-parallel-30.grits,61154,2253,43324,2253,44606,2253
nat-double-parallel-30.grits,36328,2253,48170,2253,34685,2253
nat-double-parallel-30.grits,36852,2253,44151,2253,38514,2253
nat-double-parallel-30.grits,33380,2253,44390,2253,42069,2253
nat-double-parallel-30.grits,48492,2253,31876,2253,44582,2253
nat-double-parallel-30.grits,37673,2253,51238,2253,31291,2253
nat-double-parallel-30.grits,37179,2253,44097,2253,45316,2253
nat-double-parallel-30.grits,27113,2253,43871,2253,42525,2253
nat-double-parallel-30.grits,39942,2253,70942,2253,40454,2253
nat-double-parallel-30.grits,40082,2253,24396,2253,44516,2253
nat-double-parallel-30.grits,76835,2253,43698,2253,42629,2253
nat-double-parallel-30.grits,37057,2253,43213,2253,55894,2253
nat-double-parallel-30.grits,33919,2253,40795,2253,45682,2253
nat-double-parallel-30.grits,41176,2253,63649,2253,37607,2253
nat-double-parallel-30.grits,38986,2253,45287,2253,44367,2253
nat-double-parallel-30.grits,49677,2253,31720,2253,44946,2253
nat-double-parallel-30.grits,25157,2253,43652,2253,52347,2253
nat-double-parallel-30.grits,29490,2253,44277,2253,43523,2253
nat-double-parallel-30.grits,38898,2253,55891,2253,28519,2253
nat-double-parallel-30.grits,35888,2253,41773,2253,41669,2253
nat-double-parallel-30.grits,37646,2253,68998,2253,36056,2253
nat-double-parallel-30.grits,39019,2253,43239,2253,45121,2253
nat-double-parallel-30.grits,40020,2253,70912,2253,35644,2253
nat-double-parallel-30.grits,39834,2253,43789,2253,44592,2253
nat-double-parallel-32.grits,39468,2403,66918,2403,37118,2403
nat-double-parallel-32.grits,39901,2403,46123,2403,45737,2403
nat-double-parallel-32.grits,42635,2403,26449,2403,46060,2403
nat-double-parallel-32.grits,41302,2403,45394,2403,55768,2403
nat-double-parallel-32.grits,29254,2403,47542,2403,46626,2403
nat-double-parallel-32.grits,38126,2403,54360,2403,27966,2403
nat-double-parallel-32.grits,23497,2403,42756,2403,44676,2403
nat-double-parallel-32.grits,49660,2403,29503,2403,40403,2403
nat-double-parallel-32.grits,40363,2403,30637,2403,43345,2403
nat-double-parallel-32.grits,81287,2403,36618,2403,44702,2403
nat-double-parallel-32.grits,36058,2403,47856,2403,43930,2403
nat-double-parallel-32.grits,66026,2403,30975,2403,40774,2403
nat-double-parallel-32.grits,41246,2403,26370,2403,43917,2403
nat-double-parallel-32.grits,57787,2403,29410,2403,46501,2403
nat-double-parallel-32.grits,38795,2403,46134,2403,39464,2403
nat-double-parallel-32.grits,58712,2403,28249,2403,42550,2403
nat-double-parallel-32.grits,40795,2403,46186,2403,43007,2403
nat-double-parallel-32.grits,57348,2403,28610,2403,47534,2403
nat-double-parallel-32.grits,40720,2403,45589,2403,42589,2403
nat-double-parallel-32.grits,52167,2403,27088,2403,45610,2403
nat-double-parallel-32.grits,40526,2403,45606,2403,43889,2403
nat-double-parallel-32.grits,39332,2403,62049,2403,27719,2403
nat-double-parallel-32.grits,40636,2403,47566,2403,45635,2403
nat-double-parallel-32.grits,38860,2403,44360,2403,59176,2403
nat-double-parallel-32.grits,26372,2403,47120,2403,43989,2403
nat-double-parallel-34.grits,39746,2553,45025,2553,40048,2553
nat-double-parallel-34.grits,75013,2553,37674,2553,45982,2553
nat-double-parallel-34.grits,42052,2553,45671,2553,44486,2553
nat-double-parallel-34.grits,43002,2553,84934,2553,34795,2553
nat-double-parallel-34.grits,41073,2553,46336,2553,46723,2553
nat-double-parallel-34.grits,41528,2553,46298,2553,69087,2553
nat-double-parallel-34.grits,30684,2553,46630,2553,46912,2553
nat-double-parallel-34.grits,41948,2553,47731,2553,45182,2553
nat-double-parallel-34.grits,78522,2553,30769,2553,47012,2553
nat-double-parallel-34.grits,42363,2553,47489,2553,45045,2553
nat-double-parallel-34.grits,40420,2553,67326,2553,30518,2553
nat-double-parallel-34.grits,42779,2553,41573,2553,38737,2553
nat-double-parallel-34.grits,39547,2553,48144,2553,68793,2553
nat-double-parallel-34.grits,28008,2553,47986,2553,47013,2553
nat-double-parallel-34.grits,42939,2553,44660,2553,31932,2553
nat-double-parallel-34.grits,78438,2553,28251,2553,47332,2553
nat-double-parallel-34.grits,41990,2553,49043,2553,44927,2553
nat-double-parallel-34.grits,40760,2553,60893,2553,27028,2553
nat-double-parallel-34.grits,43276,2553,47991,2553,40585,2553
nat-double-parallel-34.grits,41639,2553,44620,2553,45789,2553
nat-double-parallel-34.grits,94120,2553,31894,2553,40365,2553
nat-double-parallel-34.grits,42070,2553,45549,2553,44916,2553
nat-double-parallel-34.grits,38364,2553,46264,2553,69458,2553
nat-double-parallel-34.grits,26348,2553,53273,2553,47243,2553
nat-double-parallel-34.grits,41140,2553,49268,2553,37093,2553
nat-double-parallel-36.grits,44519,2703,96125,2703,33601,2703
nat-double-parallel-36.grits,42533,2703,47923,2703,34222,2703
nat-double-parallel-36.grits,42859,2703,38570,2703,58664,2703
nat-double-parallel-36.grits,28049,2703,29701,2703,39496,2703
nat-double-parallel-36.grits,43888,2703,28631,2703,42450,2703
nat-double-parallel-36.grits,72938,2703,31509,2703,27930,2703
nat-double-parallel-36.grits,29100,2703,28489,2703,25869,2703
nat-double-parallel-36.grits,23645,2703,69938,2703,30654,2703
nat-double-parallel-36.grits,29083,2703,27272,2703,31675,2703
nat-double-parallel-36.grits,28787,2703,26829,2703,68969,2703
nat-double-parallel-36.grits,27352,2703,41536,2703,44249,2703
nat-double-parallel-36.grits,42533,2703,46519,2703,41411,2703
nat-double-parallel-36.grits,48950,2703,24604,2703,40485,2703
nat-double-parallel-36.grits,45756,2703,46505,2703,47001,2703
nat-double-parallel-36.grits,38081,2703,45473,2703,66846,2703
nat-double-parallel-36.grits,24976,2703,40593,2703,45446,2703
nat-double-parallel-36.grits,43951,2703,33088,2703,44856,2703
nat-double-parallel-36.grits,39922,2703,46615,2703,108855,2703
nat-double-parallel-36.grits,31890,2703,47739,2703,46440,2703
nat-double-parallel-36.grits,39439,2703,46818,2703,46173,2703
nat-double-parallel-36.grits,39468,2703,60872,2703,26110,2703
nat-double-parallel-36.grits,42584,2703,47251,2703,42312,2703
nat-double-parallel-36.grits,41767,2703,47266,2703,45533,2703
nat-double-parallel-36.grits,78483,2703,27671,2703,42631,2703
nat-double-parallel-36.grits,43489,2703,48328,2703,45413,2703
nat-double-parallel-38.grits,42958,2853,46967,2853,86648,2853
nat-double-parallel-38.grits,31620,2853,47403,2853,47081,2853
nat-double-parallel-38.grits,46331,2853,49692,2853,45799,2853
nat-double-parallel-38.grits,43713,2853,102018,2853,32101,2853
nat-double-parallel-38.grits,46394,2853,44008,2853,46511,2853
nat-double-parallel-38.grits,46297,2853,47610,2853,46563,2853
nat-double-parallel-38.grits,94630,2853,30995,2853,43965,2853
nat-double-parallel-38.grits,43830,2853,46805,2853,47004,2853
nat-double-parallel-38.grits,41906,2853,45602,2853,73620,2853
nat-double-parallel-38.grits,30838,2853,48674,2853,47805,2853
nat-double-parallel-38.grits,45428,2853,46713,2853,45562,2853
nat-double-parallel-38.grits,39636,2853,75462,2853,27701,2853
nat-double-parallel-38.grits,45562,2853,48838,2853,45938,2853
nat-double-parallel-38.grits,45737,2853,46861,2853,46984,2853
nat-double-parallel-38.grits,76675,2853,30109,2853,45144,2853
nat-double-parallel-38.grits,46456,2853,48503,2853,47072,2853
nat-double-parallel-38.grits,42945,2853,46520,2853,79275,2853
nat-double-parallel-38.grits,28188,2853,48058,2853,29067,2853
nat-double-parallel-38.grits,45502,2853,47888,2853,47622,2853
nat-double-parallel-38.grits,43739,2853,48311,2853,81372,2853
nat-double-parallel-38.grits,28682,2853,45408,2853,46913,2853
nat-double-parallel-38.grits,44357,2853,46695,2853,47393,2853
nat-double-parallel-38.grits,42592,2853,46236,2853,55361,2853
nat-double-parallel-38.grits,45234,2853,46735,2853,45339,2853
nat-double-parallel-38.grits,47391,2853,30254,2853,47702,2853
nat-double-parallel-40.grits,62569,3003,78975,3003,67431,3003
nat-double-parallel-40.grits,54077,3003,58908,3003,59874,3003
nat-double-parallel-40.grits,60605,3003,60389,3003,61038,3003
nat-double-parallel-40.grits,60801,3003,46201,3003,57399,3003
nat-double-parallel-40.grits,62688,3003,58405,3003,57543,3003
nat-double-parallel-40.grits,56418,3003,59581,3003,53719,3003
nat-double-parallel-40.grits,58592,3003,58067,3003,55369,3003
nat-double-parallel-40.grits,57158,3003,58213,3003,50002,3003
nat-double-parallel-40.grits,49050,3003,50919,3003,59862,3003
nat-double-parallel-40.grits,56072,3003,53047,3003,52128,3003
nat-double-parallel-40.grits,53151,3003,53315,3003,52226,3003
nat-double-parallel-40.grits,54261,3003,54109,3003,50776,3003
nat-double-parallel-40.grits,56345,3003,57675,3003,48626,3003
nat-double-parallel-40.grits,62070,3003,54845,3003,57369,3003
nat-double-parallel-40.grits,59421,3003,57921,3003,54907,3003
nat-double-parallel-40.grits,47641,3003,45032,3003,62905,3003
nat-double-parallel-40.grits,47570,3003,47397,3003,38981,3003
nat-double-parallel-40.grits,62847,3003,43050,3003,55588,3003
nat-double-parallel-40.grits,44547,3003,63086,3003,61072,3003
nat-double-parallel-40.grits,54984,3003,47385,3003,62816,3003
nat-double-parallel-40.grits,65991,3003,48046,3003,58776,3003
nat-double-parallel-40.grits,77610,3003,48701,3003,64445,3003
nat-double-parallel-40.grits,52541,3003,48329,3003,63526,3003
nat-double-parallel-40.grits,43663,3003,62597,3003,46367,3003
nat-double-parallel-40.grits,68823,3003,46775,3003,66255,3003
nat-double-parallel-42.grits,50519,3153,69834,3153,49239,3153
nat-double-parallel-42.grits,69686,3153,50991,3153,73171,3153
nat-double-parallel-42.grits,50490,3153,71572,3153,49990,3153
nat-double-parallel-42.grits,76351,3153,50129,3153,77732,3153
nat-double-parallel-42.grits,50023,3153,76882,3153,50306,3153
nat-double-parallel-42.grits,73211,3153,29700,3153,67223,3153
nat-double-parallel-42.grits,34294,3153,71759,3153,32940,3153
nat-double-parallel-42.grits,73142,3153,49534,3153,75616,3153
nat-double-parallel-42.grits,42883,3153,80094,3153,30755,3153
nat-double-parallel-42.grits,61350,3153,34926,3153,75038,3153
nat-double-parallel-42.grits,47735,3153,61172,3153,29179,3153
nat-double-parallel-42.grits,61947,3153,49133,3153,91279,3153
nat-double-parallel-42.grits,32899,3153,58896,3153,29205,3153
nat-double-parallel-42.grits,52941,3153,57452,3153,51350,3153
nat-double-parallel-42.grits,39221,3153,32995,3153,45383,3153
nat-double-parallel-42.grits,58251,3153,49129,3153,33212,3153
nat-double-parallel-42.grits,85021,3153,33985,3153,31676,3153
nat-double-parallel-42.grits,80668,3153,47239,3153,48912,3153
nat-double-parallel-42.grits,78905,3153,31734,3153,27538,3153
nat-double-parallel-42.grits,81444,3153,31963,3153,44969,3153
nat-double-parallel-42.grits,108576,3153,53221,3153,51190,3153
nat-double-parallel-42.grits,87080,3153,52378,3153,47182,3153
nat-double-parallel-42.grits,81548,3153,49461,3153,50445,3153
nat-double-parallel-42.grits,82006,3153,52850,3153,47149,3153
nat-double-parallel-42.grits,82885,3153,51787,3153,38263,3153
nat-double-parallel-44.grits,94452,3303,50193,3303,50181,3303
nat-double-parallel-44.grits,94237,3303,54341,3303,52667,3303
nat-double-parallel-44.grits,92188,3303,55769,3303,52328,3303
nat-double-parallel-44.grits,89064,3303,50551,3303,52441,3303
nat-double-parallel-44.grits,102948,3303,53179,3303,53029,3303
nat-double-parallel-44.grits,109842,3303,34498,3303,33839,3303
nat-double-parallel-44.grits,70343,3303,36356,3303,32299,3303
nat-double-parallel-44.grits,76518,3303,40335,3303,32208,3303
nat-double-parallel-44.grits,76019,3303,37124,3303,31563,3303
nat-double-parallel-44.grits,93659,3303,53932,3303,51685,3303
nat-double-parallel-44.grits,103665,3303,54662,3303,54668,3303
nat-double-parallel-44.grits,83893,3303,55555,3303,52931,3303
nat-double-parallel-44.grits,90504,3303,56471,3303,53592,3303
nat-double-parallel-44.grits,81173,3303,46251,3303,54230,3303
nat-double-parallel-44.grits,71091,3303,55065,3303,54827,3303
nat-double-parallel-44.grits,61568,3303,55905,3303,60207,3303
nat-double-parallel-44.grits,50870,3303,120808,3303,54317,3303
nat-double-parallel-44.grits,53793,3303,52850,3303,118646,3303
nat-double-parallel-44.grits,52043,3303,54738,3303,49268,3303
nat-double-parallel-44.grits,87903,3303,56271,3303,53143,3303
nat-double-parallel-44.grits,48897,3303,94887,3303,53610,3303
nat-double-parallel-44.grits,53459,3303,52270,3303,93268,3303
nat-double-parallel-44.grits,53574,3303,53576,3303,50521,3303
nat-double-parallel-44.grits,111923,3303,52149,3303,54914,3303
nat-double-parallel-44.grits,50962,3303,111474,3303,52634,3303
nat-double-parallel-46.grits,54241,3453,53538,3453,126791,3453
nat-double-parallel-46.grits,57323,3453,55965,3453,51512,3453
nat-double-parallel-46.grits,107019,3453,58117,3453,55385,3453
nat-double-parallel-46.grits,52333,3453,124241,3453,54926,3453
nat-double-parallel-46.grits,55722,3453,54196,3453,113523,3453
nat-double-parallel-46.grits,56519,3453,58293,3453,52298,3453
nat-double-parallel-46.grits,97703,3453,34626,3453,33708,3453
nat-double-parallel-46.grits,34018,3453,89985,3453,54540,3453
nat-double-parallel-46.grits,37134,3453,49770,3453,83856,3453
nat-double-parallel-46.grits,53277,3453,56379,3453,56766,3453
nat-double-parallel-46.grits,95517,3453,55871,3453,65110,3453
nat-double-parallel-46.grits,40595,3453,99561,3453,53544,3453
nat-double-parallel-46.grits,57058,3453,54698,3453,82616,3453
nat-double-parallel-46.grits,58183,3453,58187,3453,58556,3453
nat-double-parallel-46.grits,98759,3453,57498,3453,58602,3453
nat-double-parallel-46.grits,55456,3453,84106,3453,54422,3453
nat-double-parallel-46.grits,53606,3453,57449,3453,77418,3453
nat-double-parallel-46.grits,54977,3453,56318,3453,55618,3453
nat-double-parallel-46.grits,78510,3453,55869,3453,55617,3453
nat-double-parallel-46.grits,57264,3453,64207,3453,50719,3453
nat-double-parallel-46.grits,40713,3453,56753,3453,50422,3453
nat-double-parallel-46.grits,142276,3453,55161,3453,56337,3453
nat-double-parallel-46.grits,55902,3453,52261,3453,154138,3453
nat-double-parallel-46.grits,58770,3453,57492,3453,58590,3453
nat-double-parallel-46.grits,63950,3453,124505,3453,54864,3453
nat-double-parallel-48.grits,58708,3603,60888,3603,53064,3603
nat-double-parallel-48.grits,161946,3603,59347,3603,59067,3603
nat-double-parallel-48.grits,60137,3603,51899,3603,134169,3603
nat-double-parallel-48.grits,58327,3603,59442,3603,58595,3603
nat-double-parallel-48.grits,52204,3603,122230,3603,58007,3603
nat-double-parallel-48.grits,54895,3603,59741,3603,53591,3603
nat-double-parallel-48.grits,137449,3603,59618,3603,57243,3603
nat-double-parallel-48.grits,58968,3603,35413,3603,110715,3603
nat-double-parallel-48.grits,59634,3603,44670,3603,59083,3603
nat-double-parallel-48.grits,54382,3603,132559,3603,57092,3603
nat-double-parallel-48.grits,57685,3603,60473,3603,52285,3603
nat-double-parallel-48.grits,138039,3603,61205,3603,59036,3603
nat-double-parallel-48.grits,57988,3603,55806,3603,122754,3603
nat-double-parallel-48.grits,57699,3603,61164,3603,58348,3603
nat-double-parallel-48.grits,54207,3603,119118,3603,60631,3603
nat-double-parallel-48.grits,56367,3603,58731,3603,53881,3603
nat-double-parallel-48.grits,108841,3603,58915,3603,57976,3603
nat-double-parallel-48.grits,58011,3603,56919,3603,105828,3603
nat-double-parallel-48.grits,58102,3603,60418,3603,57931,3603
nat-double-parallel-48.grits,55157,3603,116624,3603,59567,3603
nat-double-parallel-48.grits,57669,3603,60760,3603,58898,3603
nat-double-parallel-48.grits,125003,3603,59678,3603,41827,3603
nat-double-parallel-48.grits,59489,3603,58383,3603,92655,3603
nat-double-parallel-48.grits,49549,3603,61415,3603,58438,3603
nat-double-parallel-48.grits,56974,3603,94440,3603,49859,3603
nat-double-parallel-50.grits,59582,3753,63942,3753,59269,3753
nat-double-parallel-50.grits,166762,3753,64436,3753,64288,3753
nat-double-parallel-50.grits,52846,3753,57395,3753,139088,3753
nat-double-parallel-50.grits,68797,3753,66912,3753,65364,3753
nat-double-parallel-50.grits,37700,3753,103493,3753,62031,3753
nat-double-parallel-50.grits,62344,3753,64484,3753,60554,3753
nat-double-parallel-50.grits,102245,3753,60572,3753,65075,3753
nat-double-parallel-50.grits,63351,3753,62477,3753,98229,3753
nat-double-parallel-50.grits,54424,3753,64922,3753,64013,3753
nat-double-parallel-50.grits,60329,3753,119841,3753,59747,3753
nat-double-parallel-50.grits,45849,3753,65133,3753,63028,3753
nat-double-parallel-50.grits,96680,3753,50707,3753,63377,3753
nat-double-parallel-50.grits,62488,3753,63690,3753,103203,3753
nat-double-parallel-50.grits,49517,3753,64158,3753,62083,3753
nat-double-parallel-50.grits,42337,3753,56402,3753,220093,3753
nat-double-parallel-50.grits,67738,3753,69784,3753,67514,3753
nat-double-parallel-50.grits,62710,3753,60138,3753,198813,3753
nat-double-parallel-50.grits,62472,3753,73502,3753,67732,3753
nat-double-parallel-50.grits,66914,3753,59223,3753,166887,3753
nat-double-parallel-50.grits,72790,3753,40968,3753,66793,3753
nat-double-parallel-50.grits,65251,3753,46821,3753,152847,3753
nat-double-parallel-50.grits,66721,3753,65161,3753,63420,3753
nat-double-parallel-50.grits,63159,3753,60087,3753,122516,3753
nat-double-parallel-50.grits,51644,3753,64089,3753,62982,3753
nat-double-parallel-50.grits,62761,3753,58223,3753,139674,3753
